RD_spend,Adminidtration,Marketiing_Spend,State,Profit
66078,76963,71226,California,23114
71821,12758,37461,New York,19803
83257,29868,17183,Florida,5278
43284,53446,66870,Florida,64679
70390,80116,59102,New York,84343
97791,9005,5762,California,17126
11122,44332,7596,Florida,53428
43508,49686,76431,California,7242
77109,57787,86336,California,83391
68781,8519,73482,New York,12926
8003,42963,48044,New York,19503
99371,91108,27906,California,83720
99397,50792,8758,Florida,58857
54731,61312,58457,New York,47223
69318,81935,74552,Florida,97367
93641,12407,60102,New York,34457
83696,27184,16727,Florida,74847
43831,32984,45203,California,85615
85110,19992,83799,New York,68080
82551,74799,76880,California,97687
60498,22398,31789,New York,50561
92957,45498,98395,New York,37924
60684,37527,80874,New York,93394
84539,52973,24467,California,81866
29352,73674,93161,Florida,15035
38525,41637,87007,Florida,6215
41592,69985,91164,California,30789
27918,95038,86220,New York,62856
25084,63929,22587,Florida,5015
79678,20287,70865,Florida,19803
28908,66443,30479,New York,86469
70469,46875,68017,California,58470
6788,98159,73465,California,68351
43906,42612,91193,Florida,63015
12821,47523,52116,New York,81408
41690,73811,39088,California,10411
66497,30026,38931,Florida,57945
30070,12281,30769,California,72900
40246,10312,95900,Florida,85405
83675,7827,99110,New York,47519
16604,12528,34899,New York,70980
3764,99254,88548,New York,54674
81335,41564,27874,New York,18007
68794,61024,66734,California,86797
76695,50244,4452,Florida,63872
94469,89724,21334,Florida,20771
67783,60049,10545,New York,87753
37494,12706,19019,California,52113
38769,2176,52762,California,33280
27826,64648,6934,California,5368
1626,48897,74916,California,46122
34558,79274,85540,New York,34245
77607,51321,76608,California,7827
45118,67877,71550,California,48616
97879,77587,65391,Florida,65909
51914,11992,25738,New York,55589
77262,10128,11397,New York,93130
76154,33566,47528,California,80784
94732,76689,9439,Florida,1256
7045,83507,36735,Florida,79508
78626,18318,67386,New York,78280
14545,14290,18715,New York,76386
61632,71965,58026,Florida,19904
24084,41641,22360,New York,91024
78414,49141,13910,California,7052
51862,44084,10227,Florida,49214
22548,18561,51548,California,78806
92598,82310,26288,California,89883
63366,36969,56546,California,1235
22397,77652,95496,Florida,30685
37631,84513,67761,Florida,28248
75132,36266,84077,New York,28180
44458,53487,51587,New York,88878
1991,99867,80253,New York,69655
85412,73132,45717,California,29701
22035,13723,77177,New York,64917
97458,12514,3671,California,93720
38082,22874,43713,Florida,38887
31260,98198,66074,Florida,7619
68311,11430,58495,Florida,38307
55609,16378,19359,New York,13588
51207,48804,69159,New York,75593
11004,13838,54205,California,65713
10500,47255,78210,Florida,10164
1546,63867,65735,Florida,57455
9774,82062,27130,New York,62762
76190,95004,24282,California,62193
84924,93360,50834,New York,5261
44424,5305,58175,Florida,5364
48982,3339,82922,Florida,23561
39275,73820,36505,California,55934
97659,26293,68452,New York,29416
5720,80874,76016,New York,4653
92391,79021,12386,California,15552
89506,31755,58877,Florida,46024
45154,51303,48501,Florida,98152
88689,88746,39137,Florida,82214
93734,28240,93892,Florida,96185
51798,49358,68087,New York,15902
5835,44516,64353,California,63834
53214,58083,11355,New York,92567
88889,14941,15094,California,16555
72886,34671,9094,California,36444
72936,81332,75365,Florida,72283
99874,56567,83214,Florida,57462
64673,97479,36904,Florida,48111
26997,69570,37310,Florida,72938
27773,32022,11497,Florida,56571
4707,62627,39253,New York,33182
11032,24706,21783,New York,12557
91186,86689,33016,Florida,64067
92049,80782,41647,New York,73997
43861,99262,18289,California,20064
50097,57019,81977,New York,7541
67237,57773,88748,Florida,27205
86447,71543,10656,California,76132
2891,53158,83269,California,10225
35058,88498,78744,California,44177
77010,71975,20504,Florida,73784
29726,85089,15342,Florida,30259
30338,6874,10464,Florida,53275
17694,88820,27979,New York,83292
55782,47402,33850,New York,28014
63333,27997,24183,California,2089
44167,88974,88575,Florida,63359
18053,44655,37837,California,73494
23088,48791,73766,California,81666
7812,15689,78874,New York,37258
14253,68091,37155,New York,14819
20650,23752,72420,Florida,63291
89238,12958,86536,New York,40770
97502,11897,10999,California,24176
57888,42900,71661,Florida,62063
28519,38243,76681,Florida,4997
25234,50723,45158,California,2401
53163,47630,89756,California,26789
5195,25910,85658,California,86487
72664,83462,23756,Florida,54673
22876,45701,11833,New York,52075
33621,85729,73038,California,74233
30463,15771,88997,Florida,52786
19248,27822,31126,California,58906
5248,19371,4746,California,36340
51571,52626,29912,California,90600
32845,2755,12944,Florida,28235
47695,25586,58968,Florida,70431
94778,34272,51320,California,77608
3539,4336,76297,New York,99138
10791,68156,88915,Florida,61672
9967,65464,30012,New York,97081
15999,82571,90688,California,84316
82655,5387,76501,New York,3521
83673,50747,10568,Florida,42009
19730,53639,49829,California,1286
58990,69308,62864,California,15508
16690,90775,14214,Florida,94813
97758,43247,86487,California,58043
42519,92029,21900,Florida,31354
95183,80184,42805,California,86341
77996,56232,54424,California,91394
35841,28407,79691,New York,30065
2107,13118,14281,New York,64804
3153,5795,25842,Florida,84169
28574,73714,22754,Florida,13369
65610,13521,79069,New York,50330
89649,21139,24731,California,95029
83325,4186,53433,New York,8055
89210,96767,56596,New York,44819
64322,2862,16003,Florida,30054
44155,17661,69704,Florida,89761
36862,98857,85768,California,63664
24351,80479,47081,New York,13381
32462,64920,64172,Florida,72106
3198,52850,16821,California,58876
23014,45143,89046,California,74608
14948,95137,30880,New York,92738
29578,76938,1876,California,81909
70565,9882,11952,California,35167
79045,53312,86994,Florida,13090
42502,16965,42529,New York,6227
11396,91872,39774,New York,13377
76249,26710,41912,New York,98667
53857,5278,11187,New York,41212
68981,94139,7666,New York,62909
73457,88032,7809,California,71642
47887,24171,98360,Florida,60466
21764,67836,80743,California,67369
33633,52762,2462,New York,13539
95804,71853,11194,California,23672
4877,22689,85442,New York,16314
17047,30533,61041,New York,10291
37811,41777,71489,California,91160
69951,3649,45484,Florida,61726
22463,4907,84757,California,42990
59723,25227,87537,Florida,1658
11051,43577,97312,California,44735
72402,89337,81252,California,89360
13895,67535,19227,California,25939
19966,78805,73673,Florida,74048
74769,88688,61018,Florida,71356
9885,55756,65271,California,11929
37566,15868,65215,New York,45212
35526,19950,13036,New York,35036
56006,65504,27801,California,26103
84576,64227,97309,California,58746
48992,89595,91802,New York,53537
99982,79806,89445,Florida,94415
36371,54602,58135,Florida,22229
26139,35085,57372,California,31273
22838,71690,44806,California,15584
94841,1101,30849,Florida,91361
3225,60532,38155,Florida,14603
61311,77936,69880,New York,20226
98201,70365,60235,New York,67032
89553,12709,14229,New York,92007
68306,29247,80762,New York,63389
81417,56121,59670,California,68769
15580,28865,92662,Florida,64807
61523,88881,55399,California,29105
73460,45367,43741,New York,48921
76241,64779,57256,California,45329
25812,11620,42316,Florida,65053
8715,49407,35787,California,73606
77868,12306,31838,Florida,68739
90910,34417,43028,Florida,30546
64664,95242,57750,New York,25117
4159,24560,58902,New York,24671
4538,90134,66285,Florida,67090
72869,1586,9373,Florida,78037
76307,45525,28604,Florida,24083
63776,29030,60031,California,60927
29560,4809,41411,California,91837
13195,13894,52995,Florida,81552
9742,27029,23581,Florida,87040
35832,7172,56340,New York,99418
45233,30152,91130,Florida,64424
35270,78248,37165,California,3452
89696,22731,66217,New York,70790
31671,7708,42635,California,38789
62341,71942,24747,Florida,7258
97354,23882,23264,California,62285
92280,50189,65905,Florida,26196
96099,98208,59100,Florida,56866
45141,84222,7607,New York,55661
97854,30989,84214,New York,14483
54074,92318,58878,New York,22862
54032,98772,94871,California,55132
63152,2423,37913,New York,28887
36234,28798,79160,New York,6168
81224,8269,1960,Florida,31417
44257,25231,98043,Florida,96209
49843,82884,44029,California,35619
9472,13079,60574,Florida,57309
72605,20546,92660,New York,17304
92404,61833,83303,California,85380
95536,84785,2271,New York,34916
41047,37510,47692,California,47653
16490,66378,15030,California,46881
5541,1135,49100,New York,35927
95869,50367,64780,New York,16233
26284,23832,13062,Florida,60623
59124,6990,40432,New York,2813
69536,24537,47106,New York,28727
82526,26542,52229,California,88444
19606,82263,21416,Florida,76185
72774,87580,15383,Florida,97561
69469,56781,56232,Florida,56686
20458,36103,87326,Florida,47932
45554,76837,62141,New York,54951
79284,19522,45126,New York,41408
51019,81923,15936,California,71105
27810,46375,99054,Florida,39731
35549,19092,44350,Florida,30778
66951,30792,93624,New York,2641
42683,72893,73739,New York,58461
89613,81932,36618,New York,32245
25961,99315,81534,Florida,81752
27682,4032,20219,New York,37742
37105,53060,8391,California,79774
42290,69867,25941,California,27763
10741,64353,7236,Florida,3833
31860,24771,31094,California,46882
54795,49261,18724,New York,87482
25503,66976,68045,California,16121
56015,76516,73917,New York,54886
20044,19246,28737,Florida,56595
52710,53629,48230,New York,12683
93010,82117,24235,Florida,38251
96094,72696,7730,California,11383
19039,95701,69132,New York,8849
56851,99991,36125,New York,21047
50198,22295,98827,New York,79263
3576,63719,62543,New York,27116
60278,25936,26925,New York,99495
9856,91224,74777,California,35516
56335,49601,47471,Florida,70283
88542,91908,32153,New York,58218
25441,39058,9073,New York,25981
11785,58748,66581,New York,45560
95136,29497,58488,Florida,66702
69614,42987,94135,Florida,67098
20889,79215,96461,New York,24175
37215,45323,58126,California,88796
11385,42701,72688,California,28117
56207,91588,1380,California,9029
64424,85349,12722,California,57127
61320,10189,17612,California,15401
10439,75731,90366,Florida,64927
93595,39237,19663,Florida,61450
89167,3211,73807,Florida,24116
94178,19792,87506,California,2409
55249,37047,66206,New York,95302
39069,30165,56448,California,41030
71626,57562,84296,New York,32340
84925,24655,83263,New York,2229
72208,87063,69030,New York,76019
76939,94004,94901,Florida,7077
22989,30908,14742,California,26737
67516,30931,97178,Florida,65710
28820,57386,14879,Florida,64928
25822,43472,33519,New York,64389
48461,7433,38472,Florida,61947
39016,81737,44746,New York,95495
84839,5001,88914,California,52955
2330,80981,32142,New York,56331
35328,12245,6616,Florida,56521
12345,6403,31511,New York,70983
93423,36411,68754,California,46028
44347,41191,51046,California,86763
47008,38730,59032,California,34988
42834,62170,37916,California,77155
73706,62855,1296,California,83279
78740,18774,46917,Florida,70332
74776,35796,70351,Florida,91172
74012,30395,84756,California,75261
41557,6870,59802,California,33562
35482,8590,93208,California,24130
89178,26299,72726,New York,98808
43298,99832,79289,New York,23623
22010,42483,92137,Florida,2114
83843,55833,8076,Florida,47945
73139,14718,92286,California,60101
15914,56517,48747,Florida,72633
24272,14550,54204,Florida,5999
79280,78268,58279,New York,11234
46755,21969,40466,California,11958
19038,52634,63121,New York,97857
23537,58235,34940,California,94515
34349,61772,98937,New York,86936
93294,86537,77767,California,27927
19749,67718,23542,California,6699
84024,89304,38503,California,80787
8677,85091,42882,New York,5572
90249,63005,24895,New York,20284
46268,37977,84222,Florida,35019
3794,63349,57196,California,24261
89209,60409,1718,New York,12629
39972,31475,85726,New York,86493
18643,14407,98090,Florida,86763
2161,42738,49685,New York,67773
14917,28105,62112,New York,51602
45153,55642,49971,Florida,74869
61761,77763,81400,Florida,23132
28298,46614,70215,Florida,71664
21714,20085,71570,Florida,8618
50989,99129,36384,New York,73019
92650,13241,37620,Florida,53718
75705,47523,18194,California,87308
73873,60475,24332,New York,60400
86172,12525,29909,New York,65115
77654,49692,1094,New York,31765
84253,8718,89134,New York,49380
31108,40208,40359,Florida,49943
46042,66529,24086,New York,9918
18435,35433,4240,Florida,47419
48645,51666,58299,California,26869
77947,73641,39814,New York,25057
19651,93242,82318,California,59786
43229,90173,97571,New York,24276
32768,52613,17798,New York,71467
58479,83299,97143,Florida,28825
17816,51174,76629,Florida,90508
72125,24205,46122,Florida,77431
19721,21810,69107,Florida,78885
90495,57568,73888,New York,80389
10241,1863,44421,New York,28635
54953,3340,21328,Florida,90859
21933,41554,59631,California,6957
56551,66571,23583,New York,63386
6879,88595,69244,California,53161
79998,33089,86851,New York,12716
53430,75998,58330,Florida,15059
57458,4849,5518,New York,12993
32609,9134,87420,Florida,51035
26715,4186,43639,Florida,2464
32170,87686,63674,Florida,93635
52969,74348,79723,California,51958
64598,32634,58887,California,20004
96402,86097,83173,California,62668
98575,64241,44431,New York,34161
21564,71836,82866,Florida,38920
99441,87767,81727,Florida,9862
85872,72052,51299,Florida,15883
16256,77469,9512,Florida,13022
72263,83165,10727,New York,56278
29665,55057,10641,New York,73704
97466,64578,86515,New York,75298
42210,24995,39871,New York,18024
45747,43741,93778,Florida,14635
90807,69639,26752,California,86289
56355,66798,99613,Florida,55347
98280,99546,26545,California,62547
66606,88608,7862,Florida,24524
70516,36025,61906,New York,90324
37326,22469,67326,Florida,31464
88182,10058,27200,New York,92137
54650,53913,23556,Florida,32924
64032,4039,33253,New York,79593
82675,40572,50937,Florida,12943
24573,9231,86939,New York,28563
31642,20172,58747,California,72478
44077,66283,81566,Florida,32775
98898,11224,81498,Florida,45258
38089,67320,79393,New York,85805
34699,42109,65607,New York,17228
35194,37103,9222,Florida,96846
40923,48893,58335,Florida,87808
62639,75081,41359,California,37444
84281,14639,33355,California,8430
71518,24708,35876,New York,34086
46966,50484,97336,Florida,67973
41169,75026,70110,New York,41246
71309,55259,95722,California,89412
9261,28144,22831,New York,19526
65744,91002,77620,New York,91582
5442,56689,68030,New York,23784
67765,93226,24030,Florida,70241
89817,64368,13624,California,67394
36637,12771,1105,Florida,54679
4859,40426,94403,Florida,39910
38789,12934,34673,California,82638
71042,77057,32340,California,26386
28681,80904,98108,Florida,72369
16778,27247,35520,New York,10125
79058,99837,26813,Florida,68835
47243,89188,58607,California,89850
26317,27539,72879,New York,60280
81559,64493,14706,California,77346
10291,23194,28951,New York,2843
6542,35688,76047,New York,30838
28084,98075,58522,New York,25798
19964,18090,95733,New York,36429
18132,49592,83445,Florida,60787
72494,12351,90457,California,52597
49849,37558,20059,New York,68188
63873,67402,28496,Florida,2607
13228,42789,68016,California,68451
36470,73953,33137,Florida,80140
32381,82888,90490,New York,33323
73375,80805,61014,Florida,4019
51524,14285,44021,New York,36392
8380,19481,62732,Florida,70709
23843,16006,22778,Florida,59948
13934,19726,60661,California,12401
52865,43795,63856,California,26803
53578,89761,64823,Florida,95502
12513,76570,91919,New York,35015
70384,82079,26349,California,8152
20774,81615,41427,Florida,63420
67459,74078,97175,New York,90950
37253,23108,39705,Florida,18226
14045,99269,33192,California,21966
49874,11992,97892,New York,10685
71446,69385,73593,California,14468
15901,7442,76828,Florida,11274
19530,1674,16513,California,37093
86550,55797,42900,California,99629
38952,46312,1000,California,93699
68275,90050,47782,Florida,42770
48905,34933,60342,California,35759
51276,70092,29990,New York,7456
73934,17431,37320,California,95472
33465,41334,66158,Florida,9710
42411,29078,11344,New York,42446
43914,12302,16870,Florida,45615
68536,53683,5333,New York,59280
21150,96388,95589,New York,68884
88848,85510,6776,New York,64784
83158,84983,7316,New York,90105
37440,57194,11642,New York,51786
60705,87134,21034,California,96697
66081,33460,30374,California,72994
80109,68876,67633,California,76032
52539,83174,8470,California,34118
50710,96540,24937,New York,2966
9114,19696,21805,Florida,93843
60194,35733,32313,New York,36487
96287,18395,89533,Florida,15785
17441,22232,34015,Florida,57015
74265,91115,29738,California,90513
3604,19982,48331,New York,54125
30362,40289,14864,Florida,82614
38223,35032,78744,New York,61611
56100,4635,30787,Florida,12896
35764,77447,40139,California,75825
8277,49415,80502,Florida,62599
12133,4331,36253,Florida,61891
92938,30010,70753,New York,97154
34843,86401,21886,Florida,62696
36047,49797,40079,New York,13963
27740,49588,6785,California,9058
23794,78827,55685,California,87645
96806,52004,74171,Florida,83736
88600,3701,23349,California,97605
66854,2766,88734,Florida,44641
44045,16034,20697,New York,4582
39950,42609,38065,Florida,90983
35318,28999,42711,New York,56136
21718,39358,21200,California,85491
57005,88698,91445,California,41139
17688,10887,7626,New York,4602
24764,75320,75266,New York,76510
23999,87791,56804,Florida,60959
27045,16760,71362,New York,32724
62119,84675,27890,Florida,60218
48719,51586,91701,California,90601
12752,27466,68308,New York,91561
90560,74228,34568,California,88944
62784,96895,92060,New York,82558
72747,69925,6423,California,68930
86661,76826,67744,New York,54496
58296,12394,98639,Florida,6571
36755,63010,1092,Florida,60298
18807,56591,88687,Florida,11062
22794,64457,53604,New York,62041
86462,14678,25061,California,71629
71511,38017,72342,New York,33112
98663,11640,58578,New York,34927
29270,28842,65450,California,96812
24429,60978,83734,California,81674
14428,27802,88134,Florida,97417
63002,25937,9772,New York,14680
37607,86731,76277,Florida,62869
51623,69508,17379,New York,95747
88238,99558,52269,Florida,3154
60161,18455,98159,New York,7201
97493,26571,33825,Florida,54190
97344,90696,64739,New York,62029
69379,1065,56490,California,91861
86610,86970,32079,New York,47772
47633,58872,36208,New York,61165
43662,60826,29610,California,76126
94877,31695,38611,California,39761
4268,2007,62345,California,29570
39672,72781,2533,Florida,46770
99108,35621,46628,Florida,77467
41759,48517,13839,Florida,94688
37755,96991,48465,California,62048
63128,87906,13797,New York,64958
2053,22574,74908,California,45997
14630,96612,94851,California,61419
58129,92830,81224,Florida,34787
3289,87437,95015,Florida,53146
27266,59671,48312,New York,82223
20195,5602,98999,California,50777
27089,53814,94603,Florida,12457
10378,81158,40195,California,64398
7792,17115,13927,New York,53766
52221,31754,41269,New York,79986
98894,47176,18152,Florida,90924
53077,64211,10418,New York,3697
4867,15535,22869,California,42738
12459,79651,72258,California,44567
43505,68391,63281,Florida,91832
31569,23025,40954,New York,64310
70536,37026,63108,New York,10764
94237,14859,67807,California,7895
69021,42897,42808,New York,76692
65834,37553,50383,California,51365
10798,63769,94491,Florida,52108
48572,43197,26488,California,25324
30636,97389,4283,California,76809
39040,16289,32628,Florida,87984
88967,6793,51766,New York,77154
20071,64765,40812,New York,13645
29999,76023,73853,New York,51204
57935,76588,56672,California,16237
91906,9580,91116,California,47765
58124,24007,24150,California,21734
90922,87154,78053,California,66044
99162,64418,88091,New York,17573
99520,82602,45733,New York,57518
81195,98547,73092,California,89625
5317,96622,2255,New York,56308
91262,6024,25670,New York,68569
96371,90855,65653,California,50639
43386,38157,61994,California,4407
98115,36011,16175,New York,59956
60585,54814,33912,Florida,96133
83610,77658,88848,California,75624
35356,44432,53622,Florida,46757
8569,53624,85765,Florida,78374
76814,65569,87029,Florida,65678
17575,22798,80135,Florida,29221
86846,9472,71123,California,14401
89435,37554,21090,California,90624
78998,68897,19182,California,31736
18898,44799,85660,California,90022
74886,21006,99931,New York,86335
35913,74711,78003,Florida,53042
11797,95167,12837,California,46243
71629,97044,69949,New York,91606
24577,63436,38408,California,80176
61633,38658,81155,Florida,86228
76658,73161,46587,Florida,75554
70251,3425,95702,California,75132
23062,44577,44038,California,85786
53030,13727,67225,New York,67797
65521,12958,55593,Florida,93040
53883,87643,16869,California,26971
76999,48264,78079,California,91305
30181,49311,83773,California,66049
63352,15875,69735,New York,6107
79082,97291,65998,California,34510
84391,29656,53864,California,51232
77451,3632,10402,Florida,46309
71598,98234,7786,New York,45423
45055,83775,20384,California,17911
26305,62205,89845,California,31361
13929,1913,91622,New York,48981
92376,51648,7947,California,6340
22491,64151,66170,Florida,65497
30055,93546,24536,New York,49914
21058,7700,1131,New York,5881
12382,20756,52545,California,88865
81125,14347,59626,California,26621
45634,26387,88686,New York,29317
54729,77377,46009,New York,32656
72809,23333,81601,California,27071
55213,74259,49144,New York,87403
30125,12950,3816,New York,70921
55981,29532,83891,California,77058
18957,1986,87871,California,13614
50919,86283,85955,California,51626
53456,35663,78982,New York,45113
78877,25017,12865,California,18674
8315,25912,67679,Florida,68166
9773,30919,54092,Florida,85086
29046,33067,21146,New York,73729
36477,34680,38700,California,73593
46339,1540,87944,New York,35472
85705,19188,18297,Florida,65035
33178,20953,5948,New York,71848
34370,74021,73173,Florida,7571
78094,92935,30493,New York,30943
4536,96696,18602,Florida,77491
76653,26686,35032,New York,28668
51312,85578,61474,California,89956
40037,25217,7411,California,57572
75320,45760,59208,Florida,68321
25312,38557,1022,California,75700
87741,27158,6416,New York,89188
46659,76515,20858,California,24098
78048,14108,12877,California,8936
11105,87542,62934,Florida,52189
69300,17622,44502,California,9807
30079,36954,32063,New York,2068
24382,56094,3366,California,46311
13231,14414,49309,Florida,47820
37198,25014,51810,New York,48308
30289,74289,18858,New York,53903
37355,49627,30182,New York,61575
11777,19742,17799,New York,22916
54429,54651,89548,New York,73046
36607,22350,49931,California,72000
52920,85093,36841,New York,51301
43554,84577,69848,Florida,78778
96519,1396,76104,Florida,98657
44677,12013,12578,New York,29045
59620,85051,65454,New York,77360
48832,48078,58490,New York,46348
95425,49597,44059,California,35465
80729,42179,21772,Florida,31510
45608,12591,79081,New York,75027
27640,13628,34094,Florida,8610
41012,37012,13151,Florida,56748
85877,3417,46845,New York,48765
63932,27572,18701,Florida,30570
83917,5553,70203,California,33808
76358,44193,40297,Florida,34980
91200,82939,17728,Florida,12938
48995,24629,54286,New York,26450
4726,92452,77098,New York,52096
68649,74690,55654,New York,63607
88017,12619,70438,California,34118
86031,7438,39179,California,78932
13426,94396,25193,New York,58869
22924,85624,47238,New York,96727
13944,41775,74122,California,22314
27871,24914,85465,Florida,86518
9631,89833,78141,California,46403
26949,81891,85714,California,65350
5005,95497,65139,Florida,98373
51851,82111,95295,New York,45771
31577,50172,30475,California,41991
38465,49134,58258,New York,89185
92530,56019,67035,California,74083
7793,48996,46392,New York,19868
30088,22808,63010,Florida,9019
40533,93765,4274,Florida,23739
50107,22821,15943,New York,93913
31535,28194,42132,New York,24642
70484,58630,84187,New York,44128
71526,96249,78667,California,70622
7087,83692,18780,New York,49981
85242,43257,24465,New York,64192
35208,79832,51220,New York,62653
26714,75692,19781,New York,90109
2765,1577,56603,California,38927
42337,11048,79039,Florida,48562
38338,73723,1571,Florida,53022
22357,22473,48338,New York,37025
59890,22996,45497,California,22048
80088,2506,58070,Florida,93244
91322,63202,66469,California,92155
64862,97095,88472,California,19770
29076,10127,79137,Florida,90736
6782,28899,18446,New York,48860
77925,57576,17404,Florida,54844
62723,90723,89785,Florida,90354
86404,4763,95363,New York,55273
13563,19708,10303,Florida,8244
88362,11266,97792,Florida,33696
99742,67109,28692,New York,83415
87440,11842,73664,Florida,4757
7480,33897,23524,Florida,37067
6388,40915,99148,California,91259
61707,70726,93199,California,58386
39266,34555,53552,California,87638
75192,5324,63165,California,94733
73609,27062,60023,New York,40611
10325,56508,19193,New York,28217
74986,71776,43074,New York,70263
36123,4377,78227,New York,31154
94042,25389,79782,California,13997
23923,82732,39257,Florida,2130
82452,85156,81589,California,60104
40949,16485,8888,New York,54168
43928,10006,89313,New York,16657
99410,84050,19972,California,67236
76398,91622,96762,New York,81622
83272,16881,73770,New York,15233
13690,84743,25533,California,7718
28737,94838,77198,New York,65527
77398,87474,85136,Florida,26209
19910,47306,11822,California,41294
59504,9568,65597,Florida,69198
5751,48706,41180,New York,20985
41145,40796,7650,California,70443
54441,12867,58392,New York,78226
59289,70160,37661,Florida,96592
1917,30533,81667,California,71433
47909,20261,20611,New York,68124
36088,31701,8307,New York,44130
66925,44165,51313,New York,96222
16232,59743,45828,Florida,87520
5676,27152,16268,California,89697
22828,60484,5686,New York,96040
4030,73511,13389,Florida,50718
4803,11254,88013,New York,41671
47149,10894,9459,New York,87115
77682,90819,60947,California,76247
66524,69310,75526,Florida,57649
77857,15454,6276,New York,46692
77814,52411,10081,California,2677
26520,80648,66332,New York,4892
80583,10617,41766,New York,12592
2701,34298,90724,California,72555
44655,81731,1159,New York,93880
70279,98394,4712,Florida,37921
95681,68280,92419,New York,60951
75544,7886,2596,California,43776
85295,33412,59890,Florida,88223
88850,16813,65050,New York,7806
2725,30441,57250,New York,86640
60118,33544,15026,New York,59745
94812,87147,67218,California,90577
50336,82535,85031,New York,26249
95128,74941,83503,Florida,94503
61742,34872,93999,California,29260
6289,8115,56100,California,65759
33853,97845,52588,Florida,76534
44476,69372,37635,California,70522
45285,72177,54588,New York,33696
70414,60644,45075,New York,91764
13326,56688,62874,Florida,40331
8436,59566,32527,Florida,59740
45246,8747,17974,California,86624
79927,34917,17427,Florida,2281
60174,32631,36974,California,67197
3117,4984,84995,New York,90089
38457,39588,40013,California,56954
30582,44391,29872,Florida,72264
90789,66868,61364,New York,63464
43379,15372,76105,New York,48798
31812,60936,35616,New York,84516
43513,38413,45198,New York,20331
42398,58207,68261,Florida,62472
48875,42712,4079,Florida,51293
6444,61293,85258,Florida,67693
91015,54614,29631,Florida,46483
66173,56628,44744,New York,69925
37621,12625,71049,Florida,89681
1055,33267,93063,Florida,47860
43967,11118,28691,California,33902
62268,86387,49642,New York,71162
75754,37218,87473,California,25246
72254,47884,31419,New York,2916
13801,73814,63206,Florida,58510
8444,22976,50571,Florida,41325
63252,68426,36037,Florida,8682
91086,45869,67496,New York,41772
28388,36620,82563,New York,49034
82877,57260,25818,California,68037
16238,32615,85728,Florida,90823
80478,16092,84489,California,27481
86349,76876,15054,California,42444
47681,97621,83760,New York,99841
97782,8756,87755,Florida,73769
35487,16671,76434,California,42462
8349,5788,49008,California,97796
95298,26624,21510,New York,7181
62950,11685,46813,New York,15111
39339,96891,65448,New York,73996
52821,76909,26241,New York,31138
11656,80252,11113,California,60136
34970,48545,15260,New York,81265
48682,4282,28268,California,11652
84339,43910,74419,New York,88058
90316,34258,63560,California,5124
52233,45027,27486,New York,26274
53163,98734,31244,Florida,93201
85856,22288,47411,Florida,93272
80172,68578,45502,California,72955
6637,61445,45902,California,17943
75339,87307,21105,New York,85314
35103,73182,69783,New York,60873
82468,11416,46285,Florida,5645
47072,94740,30224,New York,3709
77016,31997,54712,Florida,45508
10251,75962,33914,California,73947
86234,22814,70118,California,75477
51892,9143,44206,California,81451
94599,68858,38245,Florida,60963
56080,14240,35696,California,22507
78961,39103,12202,New York,65750
52607,88504,60537,Florida,54447
30800,22958,72147,California,56370
2542,11912,57876,California,17655
7159,18194,75101,New York,58123
68603,51394,11179,New York,59042
92097,62868,8673,Florida,38591
5554,49032,93811,Florida,94745
51174,54875,21268,California,77348
58701,85490,16619,California,79795
67288,84214,58341,New York,66274
9389,76467,36169,California,81779
51147,56059,99884,Florida,67554
57621,46064,33921,California,18686
87714,38256,93242,New York,26607
70856,36842,70355,Florida,72956
22272,85899,93626,California,48949
49602,69798,14538,Florida,19979
80887,92713,88682,Florida,95683
40113,96174,36264,California,14640
45489,38927,41242,New York,38026
6805,17830,75020,Florida,1565
52099,31266,74974,California,68357
56638,79815,59668,California,47573
17896,76604,81835,Florida,76535
83057,89977,55528,California,36649
3715,68678,82324,California,2327
63357,92234,27734,New York,14664
22752,12522,80021,New York,64331
37715,95941,94912,California,17185
49858,50550,40734,Florida,65134
96042,92625,70673,Florida,19129
59365,30198,62502,Florida,39787
6227,91298,28063,Florida,94249
32991,3383,14884,Florida,96500
34541,56426,89873,California,46084
2484,34963,64452,California,62651
82525,43841,36854,California,56496
92558,54485,41964,New York,98682
97865,48556,90990,Florida,20576
86171,10613,36764,California,34471
70374,49936,73327,California,30237
42123,60294,89003,Florida,88343
61763,2403,84590,New York,92153
58238,62619,10853,California,8540
61133,29212,3900,Florida,46234
86661,14642,13709,New York,78123
86882,38010,65364,New York,50488
7285,74616,31202,New York,75043
48753,32198,72319,California,43513
32128,84992,79691,Florida,95785
14657,15698,50375,Florida,58545
93181,54726,36768,Florida,5869
28500,5912,92528,New York,24608
4618,78682,26719,California,62155
86741,42420,82756,New York,45752
15199,83647,75484,California,98476
47184,6726,95924,Florida,45100
34625,40743,39887,California,95521
13531,86612,15529,California,99984
31394,12978,4165,Florida,78278
90914,34182,55428,Florida,68609
61730,72073,32921,New York,36437
18223,44168,4349,California,94274
6906,75995,14765,California,91465
2338,26461,43654,California,29647
60367,36165,21342,New York,12437
53924,1287,95871,Florida,79454
33819,48786,63360,New York,4804
39103,33853,27629,California,45923
2282,95752,17416,California,80795
59598,60668,61782,Florida,25601
36202,45851,18160,California,34207
54521,77734,36101,California,38422
13291,3518,38079,New York,91214
88771,93557,69463,New York,2547
58468,37360,10335,California,93732
53365,36936,66913,New York,9816
95102,15928,94564,New York,86116
72296,87839,25677,California,33815
33055,49954,93506,New York,27069
2649,4545,1178,Florida,11897
6871,42601,34088,California,27971
89982,31109,82363,Florida,36196
77508,66734,46790,California,48013
93164,20539,52210,California,35471
72333,20387,50011,New York,2671
69173,72924,36928,California,24265
87575,93121,97296,Florida,56035
43953,50019,7520,California,33816
59180,78348,72980,Florida,91699
61024,29160,32749,New York,14398
65853,13123,33524,New York,11364
52498,26201,57026,California,71353
98284,86880,99597,Florida,35592
14196,99507,39449,New York,26608
84720,68832,71943,New York,8488
44362,51904,80745,Florida,35388
95256,33120,29883,Florida,75420
20608,9288,72133,New York,81864
66810,16168,7272,California,35456
69431,13821,75470,New York,15450
59859,15823,44185,Florida,43235
35016,96287,6317,California,56513
2193,79909,14480,New York,76709
65370,56406,49878,California,24151
63999,94236,7243,Florida,88179
34498,55788,99590,California,45424
68055,44019,34883,Florida,42929
73417,54683,73133,New York,59404
5354,63231,69897,California,35371
29833,4062,43234,New York,58821
82535,48522,72838,California,92556
43501,27471,44711,California,15342
39106,21206,69383,New York,14095
97862,42003,59887,Florida,92353
1986,80172,92593,New York,89779
36702,47217,13169,Florida,59149
84701,65226,42182,New York,45986
68776,33277,38549,Florida,89312
88628,33693,44606,Florida,99155
75289,54777,31392,New York,59939
65360,59379,10704,New York,17753
66661,34214,47162,California,44915
44271,52638,24179,Florida,37858
87140,94808,52937,California,84959
69197,11282,24215,New York,62669
10758,66166,66770,New York,97870
26011,66809,44528,New York,36146
72272,72522,51176,California,80583
8500,55305,31738,Florida,59531
53479,44365,65657,California,46994
21770,14320,48163,California,7433
96975,84571,45908,New York,33808
92595,38413,56669,California,43326
51416,73708,51208,California,21701
59810,6801,79997,New York,55444
25909,64064,54636,California,67250
73303,61947,22021,Florida,45357
95818,4285,18218,California,19552
61162,37965,38918,New York,62602
28391,48028,21120,Florida,1324
93617,72849,7538,California,89029
39090,21800,24972,California,98275
77037,96662,82767,California,37799
